<?xml version="1.0" encoding="UTF-8"?>
<ivy-module version="2.0" xmlns:m="http://ant.apache.org/ivy/maven">
	<info organisation="org.seleniumhq.selenium"
		module="selenium-api"
		revision="2.44.0"
		status="release"
		publication="20141023181206"
	>
		<description homepage="" />
	</info>
	<configurations>
		<conf name="default" visibility="public" description="runtime dependencies and master artifact can be used with this conf" extends="runtime,master"/>
		<conf name="master" visibility="public" description="contains only the artifact published by this module itself, with no transitive dependencies"/>
		<conf name="compile" visibility="public" description="this is the default scope, used if none is specified. Compile dependencies are available in all classpaths."/>
		<conf name="provided" visibility="public" description="this is much like compile, but indicates you expect the JDK or a container to provide it. It is only available on the compilation classpath, and is not transitive."/>
		<conf name="runtime" visibility="public" description="this scope indicates that the dependency is not required for compilation, but is for execution. It is in the runtime and test classpaths, but not the compile classpath." extends="compile"/>
		<conf name="test" visibility="private" description="this scope indicates that the dependency is not required for normal use of the application, and is only available for the test compilation and execution phases." extends="runtime"/>
		<conf name="system" visibility="public" description="this scope is similar to provided except that you have to provide the JAR which contains it explicitly. The artifact is always available and is not looked up in a repository."/>
		<conf name="sources" visibility="public" description="this configuration contains the source artifact of this module, if any."/>
		<conf name="javadoc" visibility="public" description="this configuration contains the javadoc artifact of this module, if any."/>
		<conf name="optional" visibility="public" description="contains all optional dependencies"/>
	</configurations>
	<publications>
		<artifact name="selenium-api" type="jar" ext="jar" conf="master"/>
		<artifact name="selenium-api" type="source" ext="jar" conf="sources" m:classifier="sources"/>
		<artifact name="selenium-api" type="javadoc" ext="jar" conf="javadoc" m:classifier="javadoc"/>
	</publications>
	<dependencies>
		<dependency org="com.google.guava" name="guava" rev="18.0" force="true" conf="compile->compile(*),master(*);runtime->runtime(*)"/>
		<dependency org="com.google.code.gson" name="gson" rev="2.3" force="true" conf="compile->compile(*),master(*);runtime->runtime(*)"/>
		<override org="com.google.code.gson" module="gson" matcher="exact" rev="2.3"/>
		<override org="commons-codec" module="commons-codec" matcher="exact" rev="1.9"/>
		<override org="org.hamcrest" module="hamcrest-all" matcher="exact" rev="1.3"/>
		<override org="org.webbitserver" module="webbit" matcher="exact" rev="0.4.14"/>
		<override org="junit" module="junit" matcher="exact" rev="4.11"/>
		<override org="cglib" module="cglib-nodep" matcher="exact" rev="2.1_3"/>
		<override org="org.apache.httpcomponents" module="httpclient" matcher="exact" rev="4.3.4"/>
		<override org="org.apache.httpcomponents" module="httpcore" matcher="exact" rev="4.3.2"/>
		<override org="org.apache.commons" module="commons-exec" matcher="exact" rev="1.1"/>
		<override org="commons-io" module="commons-io" matcher="exact" rev="2.4"/>
		<override org="org.testng" module="testng" matcher="exact" rev="6.8"/>
		<override org="com.google.guava" module="guava" matcher="exact" rev="18.0"/>
		<override org="net.java.dev.jna" module="platform" matcher="exact" rev="3.4.0"/>
		<override org="net.jcip" module="jcip-annotations" matcher="exact" rev="1.0"/>
		<override org="net.java.dev.jna" module="jna" matcher="exact" rev="3.4.0"/>
	</dependencies>
</ivy-module>
