<?xml version="1.0" encoding="UTF-8"?>
<ivy-module version="2.0" xmlns:m="http://ant.apache.org/ivy/maven">
	<info organisation="com.google.guava"
		module="guava"
		revision="15.0"
		status="release"
		publication="20130906165249"
	>
		<description homepage="">
		Guava is a suite of core and expanded libraries that include
    utility classes, google&apos;s collections, io classes, and much
    much more.

    Guava has two code dependencies - javax.annotation
    per the JSR-305 spec and javax.inject per the JSR-330 spec.
		</description>
	</info>
	<configurations>
		<conf name="default" visibility="public" description="runtime dependencies and master artifact can be used with this conf" extends="runtime,master"/>
		<conf name="master" visibility="public" description="contains only the artifact published by this module itself, with no transitive dependencies"/>
		<conf name="compile" visibility="public" description="this is the default scope, used if none is specified. Compile dependencies are available in all classpaths."/>
		<conf name="provided" visibility="public" description="this is much like compile, but indicates you expect the JDK or a container to provide it. It is only available on the compilation classpath, and is not transitive."/>
		<conf name="runtime" visibility="public" description="this scope indicates that the dependency is not required for compilation, but is for execution. It is in the runtime and test classpaths, but not the compile classpath." extends="compile"/>
		<conf name="test" visibility="private" description="this scope indicates that the dependency is not required for normal use of the application, and is only available for the test compilation and execution phases." extends="runtime"/>
		<conf name="system" visibility="public" description="this scope is similar to provided except that you have to provide the JAR which contains it explicitly. The artifact is always available and is not looked up in a repository."/>
		<conf name="sources" visibility="public" description="this configuration contains the source artifact of this module, if any."/>
		<conf name="javadoc" visibility="public" description="this configuration contains the javadoc artifact of this module, if any."/>
		<conf name="optional" visibility="public" description="contains all optional dependencies"/>
	</configurations>
	<publications>
		<artifact name="guava" type="bundle" ext="jar" conf="master"/>
		<artifact name="guava" type="source" ext="jar" conf="sources" m:classifier="sources"/>
		<artifact name="guava" type="javadoc" ext="jar" conf="javadoc" m:classifier="javadoc"/>
	</publications>
	<dependencies>
		<dependency org="com.google.code.findbugs" name="jsr305" rev="1.3.9" force="true" conf="optional->compile(*),master(*)"/>
		<dependency org="javax.inject" name="javax.inject" rev="1" force="true" conf="optional->compile(*),master(*)"/>
		<override org="org.easymock" module="easymock" matcher="exact" rev="3.0"/>
		<override org="org.truth0" module="truth" matcher="exact" rev="0.13"/>
		<override org="com.google.caliper" module="caliper" matcher="exact" rev="0.5-rc1"/>
		<override org="org.mockito" module="mockito-core" matcher="exact" rev="1.8.5"/>
		<override org="javax.inject" module="javax.inject" matcher="exact" rev="1"/>
		<override org="junit" module="junit" matcher="exact" rev="4.8.2"/>
		<override org="com.google.code.findbugs" module="jsr305" matcher="exact" rev="1.3.9"/>
	</dependencies>
</ivy-module>
