<?xml version="1.0" encoding="UTF-8"?>
<ivy-module version="2.0" xmlns:m="http://ant.apache.org/ivy/maven">
	<info organisation="org.hibernate"
		module="hibernate-validator"
		revision="5.1.3.Final"
		status="release"
		publication="20141022104535"
	>
		<description homepage="">
		Hibernate&apos;s Bean Validation (JSR-303) reference implementation.
		</description>
	</info>
	<configurations>
		<conf name="default" visibility="public" description="runtime dependencies and master artifact can be used with this conf" extends="runtime,master"/>
		<conf name="master" visibility="public" description="contains only the artifact published by this module itself, with no transitive dependencies"/>
		<conf name="compile" visibility="public" description="this is the default scope, used if none is specified. Compile dependencies are available in all classpaths."/>
		<conf name="provided" visibility="public" description="this is much like compile, but indicates you expect the JDK or a container to provide it. It is only available on the compilation classpath, and is not transitive."/>
		<conf name="runtime" visibility="public" description="this scope indicates that the dependency is not required for compilation, but is for execution. It is in the runtime and test classpaths, but not the compile classpath." extends="compile"/>
		<conf name="test" visibility="private" description="this scope indicates that the dependency is not required for normal use of the application, and is only available for the test compilation and execution phases." extends="runtime"/>
		<conf name="system" visibility="public" description="this scope is similar to provided except that you have to provide the JAR which contains it explicitly. The artifact is always available and is not looked up in a repository."/>
		<conf name="sources" visibility="public" description="this configuration contains the source artifact of this module, if any."/>
		<conf name="javadoc" visibility="public" description="this configuration contains the javadoc artifact of this module, if any."/>
		<conf name="optional" visibility="public" description="contains all optional dependencies"/>
	</configurations>
	<publications>
		<artifact name="hibernate-validator" type="jar" ext="jar" conf="master"/>
		<artifact name="hibernate-validator" type="source" ext="jar" conf="sources" m:classifier="sources"/>
		<artifact name="hibernate-validator" type="javadoc" ext="jar" conf="javadoc" m:classifier="javadoc"/>
	</publications>
	<dependencies>
		<dependency org="javax.validation" name="validation-api" rev="1.1.0.Final" force="true" conf="compile->compile(*),master(*);runtime->runtime(*)"/>
		<dependency org="org.jboss.logging" name="jboss-logging" rev="3.1.3.GA" force="true" conf="compile->compile(*),master(*);runtime->runtime(*)"/>
		<dependency org="com.fasterxml" name="classmate" rev="1.0.0" force="true" conf="compile->compile(*),master(*);runtime->runtime(*)"/>
		<dependency org="javax.el" name="javax.el-api" rev="2.2.4" force="true" conf="provided->compile(*),provided(*),runtime(*),master(*)"/>
		<dependency org="org.glassfish.web" name="javax.el" rev="2.2.4" force="true" conf="provided->compile(*),provided(*),runtime(*),master(*)"/>
		<dependency org="org.hibernate.javax.persistence" name="hibernate-jpa-2.1-api" rev="1.0.0.Final" force="true" conf="optional->compile(*),master(*)"/>
		<dependency org="joda-time" name="joda-time" rev="2.1" force="true" conf="optional->compile(*),master(*)"/>
		<dependency org="org.jsoup" name="jsoup" rev="1.7.1" force="true" conf="optional->compile(*),master(*)"/>
		<dependency org="com.thoughtworks.paranamer" name="paranamer" rev="2.5.5" force="true" conf="optional->compile(*),master(*)"/>
		<dependency org="org.testng" name="testng" rev="6.8" force="true" conf="test->runtime(*),master(*)"/>
		<dependency org="log4j" name="log4j" rev="1.2.17" force="true" conf="test->runtime(*),master(*)"/>
		<dependency org="org.easymock" name="easymock" rev="3.1" force="true" conf="test->runtime(*),master(*)"/>
		<dependency org="org.codehaus.groovy" name="groovy-jsr223" rev="2.1.0" force="true" conf="test->runtime(*),master(*)"/>
		<dependency org="org.easytesting" name="fest-assert" rev="1.4" force="true" conf="test->runtime(*),master(*)"/>
		<override org="org.jboss.weld" module="weld-core" matcher="exact" rev="2.2.0.SP1"/>
		<override org="javax.enterprise" module="cdi-api" matcher="exact" rev="1.2"/>
		<override org="org.jboss.arquillian.core" module="arquillian-core-api" matcher="exact" rev="1.0.2.Final"/>
		<override org="org.jboss.shrinkwrap" module="shrinkwrap-api" matcher="exact" rev="1.0.1"/>
		<override org="org.jboss.arquillian.core" module="arquillian-core-spi" matcher="exact" rev="1.0.2.Final"/>
		<override org="org.jsoup" module="jsoup" matcher="exact" rev="1.7.1"/>
		<override org="org.jboss.arquillian.protocol" module="arquillian-protocol-jmx" matcher="exact" rev="1.0.2.Final"/>
		<override org="com.thoughtworks.paranamer" module="paranamer" matcher="exact" rev="2.5.5"/>
		<override org="org.jboss.shrinkwrap.descriptors" module="shrinkwrap-descriptors-impl-base" matcher="exact" rev="2.0.0-alpha-3"/>
		<override org="org.jboss.shrinkwrap.descriptors" module="shrinkwrap-descriptors-impl-javaee" matcher="exact" rev="2.0.0-alpha-3"/>
		<override org="org.jboss.arquillian.config" module="arquillian-config-impl-base" matcher="exact" rev="1.0.2.Final"/>
		<override org="org.jboss.arquillian.testng" module="arquillian-testng-core" matcher="exact" rev="1.0.2.Final"/>
		<override org="org.jboss.shrinkwrap.resolver" module="shrinkwrap-resolver-impl-maven" matcher="exact" rev="1.0.0-beta-7"/>
		<override org="org.jboss.arquillian.testng" module="arquillian-testng-standalone" matcher="exact" rev="1.0.2.Final"/>
		<override org="javax.el" module="javax.el-api" matcher="exact" rev="2.2.4"/>
		<override org="org.jboss.logging" module="jboss-logging" matcher="exact" rev="3.1.3.GA"/>
		<override org="org.jboss.arquillian.container" module="arquillian-container-test-api" matcher="exact" rev="1.0.2.Final"/>
		<override org="org.hibernate" module="hibernate-validator" matcher="exact" rev="5.1.3.Final"/>
		<override org="org.jboss.arquillian.config" module="arquillian-config-spi" matcher="exact" rev="1.0.2.Final"/>
		<override org="org.jboss.arquillian.junit" module="arquillian-junit-standalone" matcher="exact" rev="1.0.2.Final"/>
		<override org="org.jboss.shrinkwrap.descriptors" module="shrinkwrap-descriptors-api-javaee" matcher="exact" rev="2.0.0-alpha-3"/>
		<override org="org.hibernate" module="hibernate-validator-annotation-processor" matcher="exact" rev="5.1.3.Final"/>
		<override org="org.jboss.arquillian.testng" module="arquillian-testng-container" matcher="exact" rev="1.0.2.Final"/>
		<override org="org.glassfish.web" module="javax.el" matcher="exact" rev="2.2.4"/>
		<override org="junit" module="junit" matcher="exact" rev="4.11"/>
		<override org="org.jboss.arquillian.testenricher" module="arquillian-testenricher-cdi" matcher="exact" rev="1.0.2.Final"/>
		<override org="org.jboss.arquillian.core" module="arquillian-core-impl-base" matcher="exact" rev="1.0.2.Final"/>
		<override org="org.jboss.arquillian.junit" module="arquillian-junit-container" matcher="exact" rev="1.0.2.Final"/>
		<override org="org.jboss.arquillian.container" module="arquillian-weld-se-embedded-1.1" matcher="exact" rev="1.0.0.CR6"/>
		<override org="org.slf4j" module="slf4j-log4j12" matcher="exact" rev="1.7.2"/>
		<override org="org.jboss.shrinkwrap.descriptors" module="shrinkwrap-descriptors-impl-jboss" matcher="exact" rev="2.0.0-alpha-3"/>
		<override org="org.jboss.shrinkwrap.descriptors" module="shrinkwrap-descriptors-api-base" matcher="exact" rev="2.0.0-alpha-3"/>
		<override org="org.jboss.arquillian.testenricher" module="arquillian-testenricher-ejb" matcher="exact" rev="1.0.2.Final"/>
		<override org="org.jboss.spec.javax.interceptor" module="jboss-interceptors-api_1.2_spec" matcher="exact" rev="1.0.0.Final"/>
		<override org="org.jboss.shrinkwrap.descriptors" module="shrinkwrap-descriptors-spi" matcher="exact" rev="2.0.0-alpha-3"/>
		<override org="org.jboss.arquillian.protocol" module="arquillian-protocol-servlet" matcher="exact" rev="1.0.2.Final"/>
		<override org="org.wildfly" module="wildfly-arquillian-container-managed" matcher="exact" rev="8.0.0.Final"/>
		<override org="org.jboss.shrinkwrap" module="shrinkwrap-spi" matcher="exact" rev="1.0.1"/>
		<override org="org.easytesting" module="fest-assert" matcher="exact" rev="1.4"/>
		<override org="javax.validation" module="validation-api" matcher="exact" rev="1.1.0.Final"/>
		<override org="org.jboss.arquillian.junit" module="arquillian-junit-core" matcher="exact" rev="1.0.2.Final"/>
		<override org="org.hibernate" module="hibernate-validator-cdi" matcher="exact" rev="5.1.3.Final"/>
		<override org="org.jboss.arquillian.test" module="arquillian-test-api" matcher="exact" rev="1.0.2.Final"/>
		<override org="javax.annotation" module="javax.annotation-api" matcher="exact" rev="1.2"/>
		<override org="joda-time" module="joda-time" matcher="exact" rev="2.1"/>
		<override org="org.jboss.shrinkwrap.resolver" module="shrinkwrap-resolver-api" matcher="exact" rev="1.0.0-beta-7"/>
		<override org="com.fasterxml" module="classmate" matcher="exact" rev="1.0.0"/>
		<override org="org.jboss.arquillian.test" module="arquillian-test-spi" matcher="exact" rev="1.0.2.Final"/>
		<override org="org.jboss.arquillian.testenricher" module="arquillian-testenricher-resource" matcher="exact" rev="1.0.2.Final"/>
		<override org="org.jboss.arquillian.container" module="arquillian-container-test-spi" matcher="exact" rev="1.0.2.Final"/>
		<override org="org.jboss.arquillian.config" module="arquillian-config-api" matcher="exact" rev="1.0.2.Final"/>
		<override org="org.jboss.shrinkwrap.resolver" module="shrinkwrap-resolver-api-maven" matcher="exact" rev="1.0.0-beta-7"/>
		<override org="org.jboss.arquillian.testenricher" module="arquillian-testenricher-initialcontext" matcher="exact" rev="1.0.2.Final"/>
		<override org="org.jboss.shrinkwrap.descriptors" module="shrinkwrap-descriptors-api-jboss" matcher="exact" rev="2.0.0-alpha-3"/>
		<override org="log4j" module="log4j" matcher="exact" rev="1.2.17"/>
		<override org="org.jboss.arquillian.test" module="arquillian-test-impl-base" matcher="exact" rev="1.0.2.Final"/>
		<override org="org.jboss.arquillian.container" module="arquillian-container-test-impl-base" matcher="exact" rev="1.0.2.Final"/>
		<override org="org.hibernate.javax.persistence" module="hibernate-jpa-2.1-api" matcher="exact" rev="1.0.0.Final"/>
		<override org="org.jboss.arquillian.container" module="arquillian-container-spi" matcher="exact" rev="1.0.2.Final"/>
		<override org="org.codehaus.groovy" module="groovy-jsr223" matcher="exact" rev="2.1.0"/>
		<override org="org.easymock" module="easymock" matcher="exact" rev="3.1"/>
		<override org="org.jboss.arquillian.container" module="arquillian-container-impl-base" matcher="exact" rev="1.0.2.Final"/>
		<override org="org.jboss.shrinkwrap.descriptors" module="shrinkwrap-descriptors-gen" matcher="exact" rev="2.0.0-alpha-3"/>
		<override org="org.testng" module="testng" matcher="exact" rev="6.8"/>
		<override org="org.jboss.shrinkwrap" module="shrinkwrap-impl-base" matcher="exact" rev="1.0.1"/>
	</dependencies>
</ivy-module>
