<?xml version="1.0" encoding="UTF-8"?>
<ivy-module version="2.0" xmlns:m="http://ant.apache.org/ivy/maven">
	<info organisation="br.com.caelum.vraptor"
		module="vraptor-jpa"
		revision="4.0.2"
		status="release"
		publication="20140908131806"
	>
		<license name="Apache License, Version 2.0" url="http://apache.org/licenses/LICENSE-2.0.txt" />
		<description homepage="http://vraptor.caelum.com.br" />
	</info>
	<configurations>
		<conf name="default" visibility="public" description="runtime dependencies and master artifact can be used with this conf" extends="runtime,master"/>
		<conf name="master" visibility="public" description="contains only the artifact published by this module itself, with no transitive dependencies"/>
		<conf name="compile" visibility="public" description="this is the default scope, used if none is specified. Compile dependencies are available in all classpaths."/>
		<conf name="provided" visibility="public" description="this is much like compile, but indicates you expect the JDK or a container to provide it. It is only available on the compilation classpath, and is not transitive."/>
		<conf name="runtime" visibility="public" description="this scope indicates that the dependency is not required for compilation, but is for execution. It is in the runtime and test classpaths, but not the compile classpath." extends="compile"/>
		<conf name="test" visibility="private" description="this scope indicates that the dependency is not required for normal use of the application, and is only available for the test compilation and execution phases." extends="runtime"/>
		<conf name="system" visibility="public" description="this scope is similar to provided except that you have to provide the JAR which contains it explicitly. The artifact is always available and is not looked up in a repository."/>
		<conf name="sources" visibility="public" description="this configuration contains the source artifact of this module, if any."/>
		<conf name="javadoc" visibility="public" description="this configuration contains the javadoc artifact of this module, if any."/>
		<conf name="optional" visibility="public" description="contains all optional dependencies"/>
	</configurations>
	<publications>
		<artifact name="vraptor-jpa" type="jar" ext="jar" conf="master"/>
		<artifact name="vraptor-jpa" type="source" ext="jar" conf="sources" m:classifier="sources"/>
		<artifact name="vraptor-jpa" type="javadoc" ext="jar" conf="javadoc" m:classifier="javadoc"/>
	</publications>
	<dependencies>
		<dependency org="org.hibernate.javax.persistence" name="hibernate-jpa-2.1-api" rev="1.0.0.Final" force="true" conf="provided->compile(*),provided(*),runtime(*),master(*)"/>
		<dependency org="javax.enterprise" name="cdi-api" rev="1.1" force="true" conf="provided->compile(*),provided(*),runtime(*),master(*)"/>
		<dependency org="br.com.caelum" name="vraptor" rev="4.1.0-RC2" force="true" conf="compile->compile(*),master(*);runtime->runtime(*)"/>
		<dependency org="junit" name="junit" rev="4.10" force="true" conf="test->runtime(*),master(*)">
			<exclude org="org.hamcrest" module="hamcrest-core" name="*" type="*" ext="*" conf="" matcher="exact"/>
			<exclude org="org.hamcrest" module="hamcrest-library" name="*" type="*" ext="*" conf="" matcher="exact"/>
		</dependency>
		<dependency org="org.mockito" name="mockito-core" rev="1.8.5" force="true" conf="test->runtime(*),master(*)"/>
		<dependency org="org.hamcrest" name="hamcrest-core" rev="1.2" force="true" conf="test->runtime(*),master(*)"/>
		<dependency org="org.hamcrest" name="hamcrest-library" rev="1.2" force="true" conf="test->runtime(*),master(*)"/>
		<dependency org="org.mortbay.jetty" name="servlet-api" rev="3.0.20100224" force="true" conf="provided->compile(*),provided(*),runtime(*),master(*)"/>
	</dependencies>
</ivy-module>
