<?xml version="1.0" encoding="UTF-8"?>
<ivy-module version="2.0" xmlns:m="http://ant.apache.org/ivy/maven">
	<info organisation="org.jboss.logging"
		module="jboss-logging"
		revision="3.1.3.GA"
		status="release"
		publication="20130306010119"
	>
		<license name="Apache License, version 2.0" url="http://www.apache.org/licenses/LICENSE-2.0.txt" />
		<description homepage="http://www.jboss.org">
		The JBoss Logging Framework
		</description>
	</info>
	<configurations>
		<conf name="default" visibility="public" description="runtime dependencies and master artifact can be used with this conf" extends="runtime,master"/>
		<conf name="master" visibility="public" description="contains only the artifact published by this module itself, with no transitive dependencies"/>
		<conf name="compile" visibility="public" description="this is the default scope, used if none is specified. Compile dependencies are available in all classpaths."/>
		<conf name="provided" visibility="public" description="this is much like compile, but indicates you expect the JDK or a container to provide it. It is only available on the compilation classpath, and is not transitive."/>
		<conf name="runtime" visibility="public" description="this scope indicates that the dependency is not required for compilation, but is for execution. It is in the runtime and test classpaths, but not the compile classpath." extends="compile"/>
		<conf name="test" visibility="private" description="this scope indicates that the dependency is not required for normal use of the application, and is only available for the test compilation and execution phases." extends="runtime"/>
		<conf name="system" visibility="public" description="this scope is similar to provided except that you have to provide the JAR which contains it explicitly. The artifact is always available and is not looked up in a repository."/>
		<conf name="sources" visibility="public" description="this configuration contains the source artifact of this module, if any."/>
		<conf name="javadoc" visibility="public" description="this configuration contains the javadoc artifact of this module, if any."/>
		<conf name="optional" visibility="public" description="contains all optional dependencies"/>
	</configurations>
	<publications>
		<artifact name="jboss-logging" type="jar" ext="jar" conf="master"/>
		<artifact name="jboss-logging" type="source" ext="jar" conf="sources" m:classifier="sources"/>
		<artifact name="jboss-logging" type="javadoc" ext="jar" conf="javadoc" m:classifier="javadoc"/>
	</publications>
	<dependencies>
		<dependency org="org.jboss.logmanager" name="jboss-logmanager" rev="1.2.0.GA" force="true" conf="provided->compile(*),provided(*),runtime(*),master(*)"/>
		<dependency org="log4j" name="log4j" rev="1.2.16" force="true" conf="provided->compile(*),provided(*),runtime(*),master(*)">
			<exclude org="com.sun.jdmk" module="jmxtools" name="*" type="*" ext="*" conf="" matcher="exact"/>
			<exclude org="com.sun.jmx" module="jmxri" name="*" type="*" ext="*" conf="" matcher="exact"/>
		</dependency>
		<dependency org="org.slf4j" name="slf4j-api" rev="1.6.1" force="true" conf="provided->compile(*),provided(*),runtime(*),master(*)"/>
	</dependencies>
</ivy-module>
