<?xml version="1.0" encoding="UTF-8"?>
<ivy-module version="2.0" xmlns:m="http://ant.apache.org/ivy/maven">
	<info organisation="xerces"
		module="xercesImpl"
		revision="2.11.0"
		status="release"
		publication="20130220172006"
	>
		<license name="The Apache Software License, Version 2.0" url="http://www.apache.org/licenses/LICENSE-2.0.txt" />
		<description homepage="https://xerces.apache.org/xerces2-j/">
		Xerces2 is the next generation of high performance, fully compliant XML parsers in the Apache Xerces family. This new version of Xerces introduces the Xerces Native Interface (XNI), a complete framework for building parser components and configurations that is extremely modular and easy to program.

    The Apache Xerces2 parser is the reference implementation of XNI but other parser components, configurations, and parsers can be written using the Xerces Native Interface. For complete design and implementation documents, refer to the XNI Manual.

    Xerces2 is a fully conforming XML Schema 1.0 processor. A partial experimental implementation of the XML Schema 1.1 Structures and Datatypes Working Drafts (December 2009) and an experimental implementation of the XML Schema Definition Language (XSD): Component Designators (SCD) Candidate Recommendation (January 2010) are provided for evaluation. For more information, refer to the XML Schema page.

    Xerces2 also provides a complete implementation of the Document Object Model Level 3 Core and Load/Save W3C Recommendations and provides a complete implementation of the XML Inclusions (XInclude) W3C Recommendation. It also provides support for OASIS XML Catalogs v1.1.

    Xerces2 is able to parse documents written according to the XML 1.1 Recommendation, except that it does not yet provide an option to enable normalization checking as described in section 2.13 of this specification. It also handles namespaces according to the XML Namespaces 1.1 Recommendation, and will correctly serialize XML 1.1 documents if the DOM level 3 load/save APIs are in use.
		</description>
	</info>
	<configurations>
		<conf name="default" visibility="public" description="runtime dependencies and master artifact can be used with this conf" extends="runtime,master"/>
		<conf name="master" visibility="public" description="contains only the artifact published by this module itself, with no transitive dependencies"/>
		<conf name="compile" visibility="public" description="this is the default scope, used if none is specified. Compile dependencies are available in all classpaths."/>
		<conf name="provided" visibility="public" description="this is much like compile, but indicates you expect the JDK or a container to provide it. It is only available on the compilation classpath, and is not transitive."/>
		<conf name="runtime" visibility="public" description="this scope indicates that the dependency is not required for compilation, but is for execution. It is in the runtime and test classpaths, but not the compile classpath." extends="compile"/>
		<conf name="test" visibility="private" description="this scope indicates that the dependency is not required for normal use of the application, and is only available for the test compilation and execution phases." extends="runtime"/>
		<conf name="system" visibility="public" description="this scope is similar to provided except that you have to provide the JAR which contains it explicitly. The artifact is always available and is not looked up in a repository."/>
		<conf name="sources" visibility="public" description="this configuration contains the source artifact of this module, if any."/>
		<conf name="javadoc" visibility="public" description="this configuration contains the javadoc artifact of this module, if any."/>
		<conf name="optional" visibility="public" description="contains all optional dependencies"/>
	</configurations>
	<publications>
		<artifact name="xercesImpl" type="jar" ext="jar" conf="master"/>
		<artifact name="xercesImpl" type="source" ext="jar" conf="sources" m:classifier="sources"/>
		<artifact name="xercesImpl" type="javadoc" ext="jar" conf="javadoc" m:classifier="javadoc"/>
	</publications>
	<dependencies>
		<dependency org="xml-apis" name="xml-apis" rev="1.4.01" force="true" conf="compile->compile(*),master(*);runtime->runtime(*)"/>
		<dependency org="xml-resolver" name="xml-resolver" rev="1.2" force="true" conf="optional->compile(*),master(*)"/>
	</dependencies>
</ivy-module>
