<?xml version="1.0" encoding="UTF-8"?>
<ivy-module version="2.0" xmlns:m="http://ant.apache.org/ivy/maven">
	<info organisation="br.com.caelum"
		module="vraptor"
		revision="4.1.3"
		status="release"
		publication="20141218134802"
	>
		<description homepage="" />
	</info>
	<configurations>
		<conf name="default" visibility="public" description="runtime dependencies and master artifact can be used with this conf" extends="runtime,master"/>
		<conf name="master" visibility="public" description="contains only the artifact published by this module itself, with no transitive dependencies"/>
		<conf name="compile" visibility="public" description="this is the default scope, used if none is specified. Compile dependencies are available in all classpaths."/>
		<conf name="provided" visibility="public" description="this is much like compile, but indicates you expect the JDK or a container to provide it. It is only available on the compilation classpath, and is not transitive."/>
		<conf name="runtime" visibility="public" description="this scope indicates that the dependency is not required for compilation, but is for execution. It is in the runtime and test classpaths, but not the compile classpath." extends="compile"/>
		<conf name="test" visibility="private" description="this scope indicates that the dependency is not required for normal use of the application, and is only available for the test compilation and execution phases." extends="runtime"/>
		<conf name="system" visibility="public" description="this scope is similar to provided except that you have to provide the JAR which contains it explicitly. The artifact is always available and is not looked up in a repository."/>
		<conf name="sources" visibility="public" description="this configuration contains the source artifact of this module, if any."/>
		<conf name="javadoc" visibility="public" description="this configuration contains the javadoc artifact of this module, if any."/>
		<conf name="optional" visibility="public" description="contains all optional dependencies"/>
	</configurations>
	<publications>
		<artifact name="vraptor" type="jar" ext="jar" conf="master"/>
		<artifact name="vraptor" type="source" ext="jar" conf="sources" m:classifier="sources"/>
		<artifact name="vraptor" type="javadoc" ext="jar" conf="javadoc" m:classifier="javadoc"/>
	</publications>
	<dependencies>
		<dependency org="com.google.guava" name="guava" rev="15.0" force="true" conf="compile->compile(*),master(*);runtime->runtime(*)"/>
		<dependency org="br.com.caelum" name="iogi" rev="1.0.0" force="true" conf="compile->compile(*),master(*);runtime->runtime(*)"/>
		<dependency org="org.javassist" name="javassist" rev="3.18.1-GA" force="true" conf="compile->compile(*),master(*);runtime->runtime(*)"/>
		<dependency org="org.slf4j" name="slf4j-api" rev="1.7.5" force="true" conf="compile->compile(*),master(*);runtime->runtime(*)"/>
		<dependency org="net.vidageek" name="mirror" rev="1.6.1" force="true" conf="compile->compile(*),master(*);runtime->runtime(*)"/>
		<dependency org="com.thoughtworks.paranamer" name="paranamer" rev="2.7" force="true" conf="compile->compile(*),master(*);runtime->runtime(*)">
			<exclude org="org.mockito" module="mockito-all" name="*" type="*" ext="*" conf="" matcher="exact"/>
		</dependency>
		<dependency org="com.thoughtworks.xstream" name="xstream" rev="1.4.7" force="true" conf="compile->compile(*),master(*);runtime->runtime(*)"/>
		<dependency org="com.google.code.gson" name="gson" rev="2.2.4" force="true" conf="compile->compile(*),master(*);runtime->runtime(*)"/>
		<dependency org="commons-fileupload" name="commons-fileupload" rev="1.3.1" force="true" conf="optional->compile(*),master(*)"/>
		<dependency org="javax.inject" name="javax.inject" rev="1" force="true" conf="provided->compile(*),provided(*),runtime(*),master(*)"/>
		<dependency org="javax.annotation" name="javax.annotation-api" rev="1.2" force="true" conf="compile->compile(*),master(*);runtime->runtime(*)"/>
		<dependency org="javax.interceptor" name="javax.interceptor-api" rev="1.2" force="true" conf="compile->compile(*),master(*);runtime->runtime(*)"/>
		<dependency org="javax.enterprise" name="cdi-api" rev="1.1" force="true" conf="provided->compile(*),provided(*),runtime(*),master(*)">
			<exclude org="org.jboss.spec.javax.interceptor" module="jboss-interceptors-api_1.1_spec" name="*" type="*" ext="*" conf="" matcher="exact"/>
			<exclude org="javax.el" module="el-api" name="*" type="*" ext="*" conf="" matcher="exact"/>
		</dependency>
		<dependency org="javax.ejb" name="javax.ejb-api" rev="3.2" force="true" conf="compile->compile(*),master(*);runtime->runtime(*)"/>
		<dependency org="javax.validation" name="validation-api" rev="1.1.0.Final" force="true" conf="compile->compile(*),master(*);runtime->runtime(*)"/>
		<dependency org="org.hibernate" name="hibernate-validator-cdi" rev="5.1.0.Final" force="true" conf="provided->compile(*),provided(*),runtime(*),master(*)"/>
		<dependency org="javax.servlet" name="jstl" rev="1.2" force="true" conf="provided->compile(*),provided(*),runtime(*),master(*)"/>
		<dependency org="javax.servlet.jsp" name="jsp-api" rev="2.2" force="true" conf="provided->compile(*),provided(*),runtime(*),master(*)"/>
		<dependency org="javax.servlet" name="javax.servlet-api" rev="3.1.0" force="true" conf="provided->compile(*),provided(*),runtime(*),master(*)"/>
		<dependency org="org.slf4j" name="slf4j-simple" rev="1.7.5" force="true" conf="test->runtime(*),master(*)"/>
		<dependency org="org.hamcrest" name="hamcrest-core" rev="1.3" force="true" conf="test->runtime(*),master(*)"/>
		<dependency org="org.hamcrest" name="hamcrest-library" rev="1.3" force="true" conf="test->runtime(*),master(*)"/>
		<dependency org="org.mockito" name="mockito-core" rev="1.9.5" force="true" conf="test->runtime(*),master(*)"/>
		<dependency org="junit" name="junit" rev="4.11" force="true" conf="test->runtime(*),master(*)">
			<exclude org="org.hamcrest" module="hamcrest-core" name="*" type="*" ext="*" conf="" matcher="exact"/>
			<exclude org="org.hamcrest" module="hamcrest-library" name="*" type="*" ext="*" conf="" matcher="exact"/>
		</dependency>
		<dependency org="org.jboss.weld.se" name="weld-se-core" rev="2.1.2.Final" force="true" conf="provided->compile(*),provided(*),runtime(*),master(*)"/>
		<dependency org="javax.el" name="javax.el-api" rev="3.0.0" force="true" conf="provided->compile(*),provided(*),runtime(*),master(*)"/>
		<dependency org="org.glassfish.web" name="el-impl" rev="2.2" force="true" conf="test->runtime(*),master(*)"/>
	</dependencies>
</ivy-module>
