<?xml version="1.0" encoding="UTF-8"?>
<ivy-module version="2.0" xmlns:m="http://ant.apache.org/ivy/maven">
	<info organisation="org.jboss.weld"
		module="weld-api"
		revision="2.1.Final"
		status="release"
		publication="20131011044629"
	>
		<license name="Apache License, Version 2.0" url="http://www.apache.org/licenses/LICENSE-2.0.html" />
		<description homepage="http://weld.cdi-spec.org">
		Weld specifc extensions to the CDI API
		</description>
	</info>
	<configurations>
		<conf name="default" visibility="public" description="runtime dependencies and master artifact can be used with this conf" extends="runtime,master"/>
		<conf name="master" visibility="public" description="contains only the artifact published by this module itself, with no transitive dependencies"/>
		<conf name="compile" visibility="public" description="this is the default scope, used if none is specified. Compile dependencies are available in all classpaths."/>
		<conf name="provided" visibility="public" description="this is much like compile, but indicates you expect the JDK or a container to provide it. It is only available on the compilation classpath, and is not transitive."/>
		<conf name="runtime" visibility="public" description="this scope indicates that the dependency is not required for compilation, but is for execution. It is in the runtime and test classpaths, but not the compile classpath." extends="compile"/>
		<conf name="test" visibility="private" description="this scope indicates that the dependency is not required for normal use of the application, and is only available for the test compilation and execution phases." extends="runtime"/>
		<conf name="system" visibility="public" description="this scope is similar to provided except that you have to provide the JAR which contains it explicitly. The artifact is always available and is not looked up in a repository."/>
		<conf name="sources" visibility="public" description="this configuration contains the source artifact of this module, if any."/>
		<conf name="javadoc" visibility="public" description="this configuration contains the javadoc artifact of this module, if any."/>
		<conf name="optional" visibility="public" description="contains all optional dependencies"/>
	</configurations>
	<publications>
		<artifact name="weld-api" type="jar" ext="jar" conf="master"/>
		<artifact name="weld-api" type="source" ext="jar" conf="sources" m:classifier="sources"/>
		<artifact name="weld-api" type="javadoc" ext="jar" conf="javadoc" m:classifier="javadoc"/>
	</publications>
	<dependencies>
		<dependency org="javax.inject" name="javax.inject" rev="1" force="true" conf="compile->compile(*),master(*);runtime->runtime(*)"/>
		<dependency org="javax.enterprise" name="cdi-api" rev="1.1" force="true" conf="compile->compile(*),master(*);runtime->runtime(*)">
			<exclude org="org.jboss.spec.javax.interceptor" module="jboss-interceptors-api_1.1_spec" name="*" type="*" ext="*" conf="" matcher="exact"/>
			<exclude org="javax.annotation" module="jsr250-api" name="*" type="*" ext="*" conf="" matcher="exact"/>
			<exclude org="javax.el" module="el-api" name="*" type="*" ext="*" conf="" matcher="exact"/>
		</dependency>
		<dependency org="org.jboss.spec.javax.servlet" name="jboss-servlet-api_3.0_spec" rev="1.0.2.Final" force="true" conf="optional->compile(*),master(*)"/>
		<dependency org="org.jboss.spec.javax.interceptor" name="jboss-interceptors-api_1.2_spec" rev="1.0.0.Alpha3" force="true" conf="optional->compile(*),master(*)"/>
		<override org="org.jboss.spec.javax.servlet" module="jboss-servlet-api_3.0_spec" matcher="exact" rev="1.0.2.Final"/>
		<override org="javax.transaction" module="jta" matcher="exact" rev="1.1"/>
		<override org="org.jboss.spec.javax.interceptor" module="jboss-interceptors-api_1.2_spec" matcher="exact" rev="1.0.0.Alpha3"/>
		<override org="org.jboss.weld" module="weld-spi" matcher="exact" rev="2.1.Final"/>
		<override org="org.testng" module="testng" matcher="exact" rev="5.10"/>
		<override org="javax.enterprise" module="cdi-api" matcher="exact" rev="1.1"/>
		<override org="org.jboss.spec.javax.annotation" module="jboss-annotations-api_1.2_spec" matcher="exact" rev="1.0.0.Alpha1"/>
		<override org="javax.inject" module="javax.inject" matcher="exact" rev="1"/>
		<override org="org.jboss.spec.javax.ejb" module="jboss-ejb-api_3.2_spec" matcher="exact" rev="1.0.0.Alpha2"/>
		<override org="javax.persistence" module="persistence-api" matcher="exact" rev="1.0.2"/>
		<override org="org.jboss.spec.javax.ws.rs" module="jboss-jaxrs-api_1.1_spec" matcher="exact" rev="1.0.0.Final"/>
		<override org="org.jboss.weld" module="weld-api" matcher="exact" rev="2.1.Final"/>
		<override org="javax.validation" module="validation-api" matcher="exact" rev="1.0.0.GA"/>
	</dependencies>
</ivy-module>
