<?xml version="1.0" encoding="UTF-8"?>
<ivy-module version="2.0" xmlns:m="http://ant.apache.org/ivy/maven">
	<info organisation="javax.enterprise"
		module="cdi-api"
		revision="1.1"
		status="release"
		publication="20130410134813"
	>
		<license name="Apache License, Version 2.0" url="http://www.apache.org/licenses/LICENSE-2.0.html" />
		<description homepage="http://www.seamframework.org/Weld">
		APIs for CDI (Contexts and Dependency Injection for Java EE)
		</description>
	</info>
	<configurations>
		<conf name="default" visibility="public" description="runtime dependencies and master artifact can be used with this conf" extends="runtime,master"/>
		<conf name="master" visibility="public" description="contains only the artifact published by this module itself, with no transitive dependencies"/>
		<conf name="compile" visibility="public" description="this is the default scope, used if none is specified. Compile dependencies are available in all classpaths."/>
		<conf name="provided" visibility="public" description="this is much like compile, but indicates you expect the JDK or a container to provide it. It is only available on the compilation classpath, and is not transitive."/>
		<conf name="runtime" visibility="public" description="this scope indicates that the dependency is not required for compilation, but is for execution. It is in the runtime and test classpaths, but not the compile classpath." extends="compile"/>
		<conf name="test" visibility="private" description="this scope indicates that the dependency is not required for normal use of the application, and is only available for the test compilation and execution phases." extends="runtime"/>
		<conf name="system" visibility="public" description="this scope is similar to provided except that you have to provide the JAR which contains it explicitly. The artifact is always available and is not looked up in a repository."/>
		<conf name="sources" visibility="public" description="this configuration contains the source artifact of this module, if any."/>
		<conf name="javadoc" visibility="public" description="this configuration contains the javadoc artifact of this module, if any."/>
		<conf name="optional" visibility="public" description="contains all optional dependencies"/>
	</configurations>
	<publications>
		<artifact name="cdi-api" type="jar" ext="jar" conf="master"/>
		<artifact name="cdi-api" type="source" ext="jar" conf="sources" m:classifier="sources"/>
		<artifact name="cdi-api" type="javadoc" ext="jar" conf="javadoc" m:classifier="javadoc"/>
	</publications>
	<dependencies>
		<dependency org="javax.el" name="el-api" rev="2.2" force="true" conf="compile->compile(*),master(*);runtime->runtime(*)"/>
		<dependency org="org.jboss.spec.javax.ejb" name="jboss-ejb-api_3.1_spec" rev="1.0.0.CR2" force="true" conf="optional->compile(*),master(*)">
			<exclude org="org.jboss.spec.javax.transaction" module="jboss-transaction-api_1.1_spec" name="*" type="*" ext="*" conf="" matcher="exact"/>
			<exclude org="javax.xml" module="jaxrpc-api" name="*" type="*" ext="*" conf="" matcher="exact"/>
		</dependency>
		<dependency org="org.jboss.spec.javax.interceptor" name="jboss-interceptors-api_1.1_spec" rev="1.0.0.Beta1" force="true" conf="compile->compile(*),master(*);runtime->runtime(*)"/>
		<dependency org="javax.annotation" name="jsr250-api" rev="1.0" force="true" conf="compile->compile(*),master(*);runtime->runtime(*)"/>
		<dependency org="javax.inject" name="javax.inject" rev="1" force="true" conf="compile->compile(*),master(*);runtime->runtime(*)"/>
		<dependency org="org.testng" name="testng" rev="5.10" force="true" conf="test->runtime(*),master(*)">
			<artifact name="testng" type="jar" ext="jar" conf="" m:classifier="jdk15"/>
		</dependency>
		<override org="org.testng" module="testng" matcher="exact" rev="5.10"/>
		<override org="javax.annotation" module="jsr250-api" matcher="exact" rev="1.0"/>
		<override org="javax.inject" module="javax.inject" matcher="exact" rev="1"/>
		<override org="javax.el" module="el-api" matcher="exact" rev="2.2"/>
		<override org="org.jboss.spec.javax.ejb" module="jboss-ejb-api_3.1_spec" matcher="exact" rev="1.0.0.CR2"/>
		<override org="org.jboss.spec.javax.interceptor" module="jboss-interceptors-api_1.1_spec" matcher="exact" rev="1.0.0.Beta1"/>
	</dependencies>
</ivy-module>
