<?xml version="1.0" encoding="UTF-8"?>
<ivy-module version="2.0" xmlns:m="http://ant.apache.org/ivy/maven">
	<info organisation="org.eclipse.jetty"
		module="jetty-io"
		revision="8.1.15.v20140411"
		status="release"
		publication="20140411150310"
	>
		<description homepage="http://www.eclipse.org/jetty" />
	</info>
	<configurations>
		<conf name="default" visibility="public" description="runtime dependencies and master artifact can be used with this conf" extends="runtime,master"/>
		<conf name="master" visibility="public" description="contains only the artifact published by this module itself, with no transitive dependencies"/>
		<conf name="compile" visibility="public" description="this is the default scope, used if none is specified. Compile dependencies are available in all classpaths."/>
		<conf name="provided" visibility="public" description="this is much like compile, but indicates you expect the JDK or a container to provide it. It is only available on the compilation classpath, and is not transitive."/>
		<conf name="runtime" visibility="public" description="this scope indicates that the dependency is not required for compilation, but is for execution. It is in the runtime and test classpaths, but not the compile classpath." extends="compile"/>
		<conf name="test" visibility="private" description="this scope indicates that the dependency is not required for normal use of the application, and is only available for the test compilation and execution phases." extends="runtime"/>
		<conf name="system" visibility="public" description="this scope is similar to provided except that you have to provide the JAR which contains it explicitly. The artifact is always available and is not looked up in a repository."/>
		<conf name="sources" visibility="public" description="this configuration contains the source artifact of this module, if any."/>
		<conf name="javadoc" visibility="public" description="this configuration contains the javadoc artifact of this module, if any."/>
		<conf name="optional" visibility="public" description="contains all optional dependencies"/>
	</configurations>
	<publications>
		<artifact name="jetty-io" type="jar" ext="jar" conf="master"/>
		<artifact name="jetty-io" type="source" ext="jar" conf="sources" m:classifier="sources"/>
		<artifact name="jetty-io" type="javadoc" ext="jar" conf="javadoc" m:classifier="javadoc"/>
	</publications>
	<dependencies>
		<dependency org="org.eclipse.jetty" name="jetty-util" rev="8.1.15.v20140411" force="true" conf="compile->compile(*),master(*);runtime->runtime(*)"/>
		<dependency org="org.eclipse.jetty.toolchain" name="jetty-test-helper" rev="2.5" force="true" conf="test->runtime(*),master(*)"/>
		<override org="org.eclipse.jetty.orbit" module="javax.servlet" matcher="exact" rev="3.0.0.v201112011016"/>
		<override org="org.apache.maven" module="maven-plugin-tools-api" matcher="exact" rev="2.0"/>
		<override org="org.eclipse.jetty.orbit" module="org.objectweb.asm" matcher="exact" rev="3.1.0.v200803061910"/>
		<override org="org.mockito" module="mockito-core" matcher="exact" rev="1.9.5"/>
		<override org="org.eclipse.jetty.orbit" module="javax.activation" matcher="exact" rev="1.1.0.v201105071233"/>
		<override org="org.eclipse.jetty.orbit" module="javax.mail.glassfish" matcher="exact" rev="1.4.1.v201005082020"/>
		<override org="org.slf4j" module="slf4j-api" matcher="exact" rev="1.6.1"/>
		<override org="org.eclipse.jetty.orbit" module="javax.security.auth.message" matcher="exact" rev="1.0.0.v201108011116"/>
		<override org="junit" module="junit" matcher="exact" rev="4.11"/>
		<override org="org.slf4j" module="jcl104-over-slf4j" matcher="exact" rev="1.6.1"/>
		<override org="org.hamcrest" module="hamcrest-core" matcher="exact" rev="1.3"/>
		<override org="org.eclipse.jetty.orbit" module="javax.annotation" matcher="exact" rev="1.1.0.v201108011116"/>
		<override org="org.slf4j" module="log4j-over-slf4j" matcher="exact" rev="1.6.1"/>
		<override org="org.hamcrest" module="hamcrest-library" matcher="exact" rev="1.3"/>
		<override org="org.eclipse.jetty.toolchain" module="jetty-test-helper" matcher="exact" rev="2.5"/>
		<override org="org.eclipse.jetty.orbit" module="javax.transaction" matcher="exact" rev="1.1.1.v201105210645"/>
	</dependencies>
</ivy-module>
