<?xml version="1.0" encoding="UTF-8"?>
<ivy-module version="2.0" xmlns:m="http://ant.apache.org/ivy/maven">
	<info organisation="com.thoughtworks.xstream"
		module="xstream"
		revision="1.4.7"
		status="release"
		publication="20140208085119"
	>
		<description homepage="" />
	</info>
	<configurations>
		<conf name="default" visibility="public" description="runtime dependencies and master artifact can be used with this conf" extends="runtime,master"/>
		<conf name="master" visibility="public" description="contains only the artifact published by this module itself, with no transitive dependencies"/>
		<conf name="compile" visibility="public" description="this is the default scope, used if none is specified. Compile dependencies are available in all classpaths."/>
		<conf name="provided" visibility="public" description="this is much like compile, but indicates you expect the JDK or a container to provide it. It is only available on the compilation classpath, and is not transitive."/>
		<conf name="runtime" visibility="public" description="this scope indicates that the dependency is not required for compilation, but is for execution. It is in the runtime and test classpaths, but not the compile classpath." extends="compile"/>
		<conf name="test" visibility="private" description="this scope indicates that the dependency is not required for normal use of the application, and is only available for the test compilation and execution phases." extends="runtime"/>
		<conf name="system" visibility="public" description="this scope is similar to provided except that you have to provide the JAR which contains it explicitly. The artifact is always available and is not looked up in a repository."/>
		<conf name="sources" visibility="public" description="this configuration contains the source artifact of this module, if any."/>
		<conf name="javadoc" visibility="public" description="this configuration contains the javadoc artifact of this module, if any."/>
		<conf name="optional" visibility="public" description="contains all optional dependencies"/>
	</configurations>
	<publications>
		<artifact name="xstream" type="jar" ext="jar" conf="master"/>
		<artifact name="xstream" type="source" ext="jar" conf="sources" m:classifier="sources"/>
		<artifact name="xstream" type="javadoc" ext="jar" conf="javadoc" m:classifier="javadoc"/>
	</publications>
	<dependencies>
		<dependency org="dom4j" name="dom4j" rev="1.6.1" force="true" conf="optional->compile(*),master(*)">
			<exclude org="xml-apis" module="xml-apis" name="*" type="*" ext="*" conf="" matcher="exact"/>
		</dependency>
		<dependency org="org.jdom" name="jdom" rev="1.1.3" force="true" conf="optional->compile(*),master(*)"/>
		<dependency org="org.jdom" name="jdom2" rev="2.0.5" force="true" conf="optional->compile(*),master(*)"/>
		<dependency org="joda-time" name="joda-time" rev="1.6" force="true" conf="optional->compile(*),master(*)"/>
		<dependency org="stax" name="stax" rev="1.2.0" force="true" conf="optional->compile(*),master(*)"/>
		<dependency org="org.codehaus.woodstox" name="wstx-asl" rev="3.2.7" force="true" conf="optional->compile(*),master(*)"/>
		<dependency org="stax" name="stax-api" rev="1.0.1" force="true" conf="optional->compile(*),master(*)"/>
		<dependency org="xom" name="xom" rev="1.1" force="true" conf="optional->compile(*),master(*)">
			<exclude org="xerces" module="xmlParserAPIs" name="*" type="*" ext="*" conf="" matcher="exact"/>
			<exclude org="xerces" module="xercesImpl" name="*" type="*" ext="*" conf="" matcher="exact"/>
			<exclude org="xalan" module="xalan" name="*" type="*" ext="*" conf="" matcher="exact"/>
			<exclude org="jaxen" module="jaxen" name="*" type="*" ext="*" conf="" matcher="exact"/>
		</dependency>
		<dependency org="xmlpull" name="xmlpull" rev="1.1.3.1" force="true" conf="compile->compile(*),master(*);runtime->runtime(*)"/>
		<dependency org="net.sf.kxml" name="kxml2-min" rev="2.3.0" force="true" conf="optional->compile(*),master(*)"/>
		<dependency org="net.sf.kxml" name="kxml2" rev="2.3.0" force="true" conf="optional->compile(*),master(*)"/>
		<dependency org="xpp3" name="xpp3_min" rev="1.1.4c" force="true" conf="compile->compile(*),master(*);runtime->runtime(*)"/>
		<dependency org="cglib" name="cglib-nodep" rev="2.2" force="true" conf="optional->compile(*),master(*)"/>
		<dependency org="org.json" name="json" rev="20080701" force="true" conf="optional->compile(*),master(*)"/>
		<dependency org="org.codehaus.jettison" name="jettison" rev="1.2" force="true" conf="optional->compile(*),master(*)"/>
		<dependency org="junit" name="junit" rev="3.8.1" force="true" conf="test->runtime(*),master(*)"/>
		<dependency org="jmock" name="jmock" rev="1.0.1" force="true" conf="test->runtime(*),master(*)"/>
		<dependency org="com.megginson.sax" name="xml-writer" rev="0.2" force="true" conf="test->runtime(*),master(*)">
			<exclude org="xml-apis" module="xml-apis" name="*" type="*" ext="*" conf="" matcher="exact"/>
		</dependency>
		<dependency org="oro" name="oro" rev="2.0.8" force="true" conf="test->runtime(*),master(*)"/>
		<dependency org="commons-lang" name="commons-lang" rev="2.4" force="true" conf="test->runtime(*),master(*)"/>
		<override org="org.hsqldb" module="hsqldb" matcher="exact" rev="2.2.8"/>
		<override org="xpp3" module="xpp3_min" matcher="exact" rev="1.1.4c"/>
		<override org="xom" module="xom" matcher="exact" rev="1.1"/>
		<override org="stax" module="stax" matcher="exact" rev="1.2.0"/>
		<override org="net.sf.kxml" module="kxml2" matcher="exact" rev="2.3.0"/>
		<override org="stax" module="stax-api" matcher="exact" rev="1.0.1"/>
		<override org="cglib" module="cglib-nodep" matcher="exact" rev="2.2"/>
		<override org="org.hibernate" module="hibernate-core" matcher="exact" rev="4.2.5.Final"/>
		<override org="org.codehaus.jettison" module="jettison" matcher="exact" rev="1.2"/>
		<override org="commons-cli" module="commons-cli" matcher="exact" rev="1.1"/>
		<override org="joda-time" module="joda-time" matcher="exact" rev="1.6"/>
		<override org="jmock" module="jmock" matcher="exact" rev="1.0.1"/>
		<override org="net.sf.kxml" module="kxml2-min" matcher="exact" rev="2.3.0"/>
		<override org="xmlpull" module="xmlpull" matcher="exact" rev="1.1.3.1"/>
		<override org="com.megginson.sax" module="xml-writer" matcher="exact" rev="0.2"/>
		<override org="xml-apis" module="xml-apis" matcher="exact" rev="1.3.04"/>
		<override org="org.jdom" module="jdom" matcher="exact" rev="1.1.3"/>
		<override org="com.thoughtworks.xstream" module="xstream-hibernate" matcher="exact" rev="1.4.7"/>
		<override org="org.slf4j" module="slf4j-simple" matcher="exact" rev="1.6.1"/>
		<override org="com.thoughtworks.xstream" module="xstream" matcher="exact" rev="1.4.7"/>
		<override org="xerces" module="xercesImpl" matcher="exact" rev="2.8.1"/>
		<override org="commons-lang" module="commons-lang" matcher="exact" rev="2.4"/>
		<override org="org.slf4j" module="slf4j-api" matcher="exact" rev="1.6.1"/>
		<override org="org.hibernate" module="hibernate-envers" matcher="exact" rev="4.2.5.Final"/>
		<override org="dom4j" module="dom4j" matcher="exact" rev="1.6.1"/>
		<override org="junit" module="junit" matcher="exact" rev="3.8.1"/>
		<override org="oro" module="oro" matcher="exact" rev="2.0.8"/>
		<override org="com.thoughtworks.xstream" module="xstream-benchmark" matcher="exact" rev="1.4.7"/>
		<override org="javassist" module="javassist" matcher="exact" rev="3.12.1.GA"/>
		<override org="commons-io" module="commons-io" matcher="exact" rev="1.4"/>
		<override org="org.jdom" module="jdom2" matcher="exact" rev="2.0.5"/>
		<override org="org.json" module="json" matcher="exact" rev="20080701"/>
		<override org="org.codehaus.woodstox" module="wstx-asl" matcher="exact" rev="3.2.7"/>
	</dependencies>
</ivy-module>
