<?xml version="1.0" encoding="UTF-8"?>
<ivy-module version="2.0" xmlns:m="http://ant.apache.org/ivy/maven">
	<info organisation="org.jboss.logging"
		module="jboss-logging-annotations"
		revision="1.2.0.Beta1"
		status="release"
		publication="20130618204159"
	>
		<description homepage="" />
	</info>
	<configurations>
		<conf name="default" visibility="public" description="runtime dependencies and master artifact can be used with this conf" extends="runtime,master"/>
		<conf name="master" visibility="public" description="contains only the artifact published by this module itself, with no transitive dependencies"/>
		<conf name="compile" visibility="public" description="this is the default scope, used if none is specified. Compile dependencies are available in all classpaths."/>
		<conf name="provided" visibility="public" description="this is much like compile, but indicates you expect the JDK or a container to provide it. It is only available on the compilation classpath, and is not transitive."/>
		<conf name="runtime" visibility="public" description="this scope indicates that the dependency is not required for compilation, but is for execution. It is in the runtime and test classpaths, but not the compile classpath." extends="compile"/>
		<conf name="test" visibility="private" description="this scope indicates that the dependency is not required for normal use of the application, and is only available for the test compilation and execution phases." extends="runtime"/>
		<conf name="system" visibility="public" description="this scope is similar to provided except that you have to provide the JAR which contains it explicitly. The artifact is always available and is not looked up in a repository."/>
		<conf name="sources" visibility="public" description="this configuration contains the source artifact of this module, if any."/>
		<conf name="javadoc" visibility="public" description="this configuration contains the javadoc artifact of this module, if any."/>
		<conf name="optional" visibility="public" description="contains all optional dependencies"/>
	</configurations>
	<publications>
		<artifact name="jboss-logging-annotations" type="jar" ext="jar" conf="master"/>
		<artifact name="jboss-logging-annotations" type="source" ext="jar" conf="sources" m:classifier="sources"/>
		<artifact name="jboss-logging-annotations" type="javadoc" ext="jar" conf="javadoc" m:classifier="javadoc"/>
	</publications>
	<dependencies>
		<dependency org="org.jboss.logging" name="jboss-logging" rev="3.1.2.GA" force="true" conf="provided->compile(*),provided(*),runtime(*),master(*)"/>
		<override org="org.jboss.logging" module="jboss-logging-annotations" matcher="exact" rev="1.2.0.Beta1"/>
		<override org="org.jboss.jdeparser" module="jdeparser" matcher="exact" rev="1.0.0.Final"/>
		<override org="org.jboss.logmanager" module="jboss-logmanager" matcher="exact" rev="1.3.2.Final"/>
		<override org="org.testng" module="testng" matcher="exact" rev="6.3.1"/>
		<override org="org.jboss.logging" module="jboss-logging" matcher="exact" rev="3.1.2.GA"/>
	</dependencies>
</ivy-module>
