<?xml version="1.0" encoding="UTF-8"?>
<?xml-stylesheet type="text/xsl" href="ivy-report.xsl"?>
<ivy-report version="1.0">
	<info
		organisation="agiletickets"
		module="agiletickets"
		revision="working@caelum-20120927-15"
		conf="provided"
		confs="default, provided, test, acceptance-test, minify"
		date="20150121090039"/>
	<dependencies>
		<module organisation="javax.servlet.jsp" name="jsp-api">
			<revision name="2.2.1-b03" status="release" pubdate="20110110201712" resolver="public" artresolver="main" homepage="" downloaded="true" searched="true" default="false" conf="default, compile, runtime, master" position="1">
				<metadata-artifact status="successful" details="" size="5434" time="749" location="/home/agil9999/.ivy2/cache/javax.servlet.jsp/jsp-api/ivy-2.2.1-b03.xml" searched="true" original-local-location="/home/agil9999/.ivy2/cache/javax.servlet.jsp/jsp-api/ivy-2.2.1-b03.xml.original" origin-is-local="false" origin-location="http://repo1.maven.org/maven2/javax/servlet/jsp/jsp-api/2.2.1-b03/jsp-api-2.2.1-b03.pom"/>
				<caller organisation="agiletickets" name="agiletickets" conf="provided" rev="2.2.1-b03" rev-constraint-default="2.2.1-b03" rev-constraint-dynamic="2.2.1-b03" callerrev="working@caelum-20120927-15"/>
				<artifacts>
					<artifact name="jsp-api" type="jar" ext="jar" status="successful" details="" size="49811" time="731" location="/home/agil9999/.ivy2/cache/javax.servlet.jsp/jsp-api/jars/jsp-api-2.2.1-b03.jar">
						<origin-location is-local="false" location="http://repo1.maven.org/maven2/javax/servlet/jsp/jsp-api/2.2.1-b03/jsp-api-2.2.1-b03.jar"/>
					</artifact>
				</artifacts>
			</revision>
		</module>
		<module organisation="javax.servlet" name="javax.servlet-api">
			<revision name="3.1.0" status="release" pubdate="20130425205239" resolver="public" artresolver="main" homepage="http://servlet-spec.java.net" downloaded="true" searched="true" default="false" conf="default, compile, runtime, master" position="0">
				<license name="CDDL + GPLv2 with classpath exception" url="https://glassfish.dev.java.net/nonav/public/CDDL+GPL.html"/>
				<metadata-artifact status="successful" details="" size="13527" time="8021" location="/home/agil9999/.ivy2/cache/javax.servlet/javax.servlet-api/ivy-3.1.0.xml" searched="true" original-local-location="/home/agil9999/.ivy2/cache/javax.servlet/javax.servlet-api/ivy-3.1.0.xml.original" origin-is-local="false" origin-location="http://repo1.maven.org/maven2/javax/servlet/javax.servlet-api/3.1.0/javax.servlet-api-3.1.0.pom"/>
				<caller organisation="agiletickets" name="agiletickets" conf="provided" rev="3.1.0" rev-constraint-default="3.1.0" rev-constraint-dynamic="3.1.0" callerrev="working@caelum-20120927-15"/>
				<artifacts>
					<artifact name="javax.servlet-api" type="jar" ext="jar" status="successful" details="" size="95806" time="763" location="/home/agil9999/.ivy2/cache/javax.servlet/javax.servlet-api/jars/javax.servlet-api-3.1.0.jar">
						<origin-location is-local="false" location="http://repo1.maven.org/maven2/javax/servlet/javax.servlet-api/3.1.0/javax.servlet-api-3.1.0.jar"/>
					</artifact>
				</artifacts>
			</revision>
		</module>
	</dependencies>
</ivy-report>
