<?xml version="1.0" encoding="UTF-8"?>
<ivy-module version="2.0" xmlns:m="http://ant.apache.org/ivy/maven">
	<info organisation="org.jboss.weld"
		module="weld-core-bom"
		revision="1.1.12.Final"
		status="release"
		publication="20130330072841"
	>
		<license name="Apache License, Version 2.0" url="http://www.apache.org/licenses/LICENSE-2.0.html" />
		<description homepage="http://www.seamframework.org/Weld">
		Weld Core &quot;bill of materials&quot; which can be imported by any project using the Weld implementation of
        CDI.
        It provides dependency management for the implementation.
		</description>
	</info>
	<configurations>
		<conf name="default" visibility="public" description="runtime dependencies and master artifact can be used with this conf" extends="runtime,master"/>
		<conf name="master" visibility="public" description="contains only the artifact published by this module itself, with no transitive dependencies"/>
		<conf name="compile" visibility="public" description="this is the default scope, used if none is specified. Compile dependencies are available in all classpaths."/>
		<conf name="provided" visibility="public" description="this is much like compile, but indicates you expect the JDK or a container to provide it. It is only available on the compilation classpath, and is not transitive."/>
		<conf name="runtime" visibility="public" description="this scope indicates that the dependency is not required for compilation, but is for execution. It is in the runtime and test classpaths, but not the compile classpath." extends="compile"/>
		<conf name="test" visibility="private" description="this scope indicates that the dependency is not required for normal use of the application, and is only available for the test compilation and execution phases." extends="runtime"/>
		<conf name="system" visibility="public" description="this scope is similar to provided except that you have to provide the JAR which contains it explicitly. The artifact is always available and is not looked up in a repository."/>
		<conf name="sources" visibility="public" description="this configuration contains the source artifact of this module, if any."/>
		<conf name="javadoc" visibility="public" description="this configuration contains the javadoc artifact of this module, if any."/>
		<conf name="optional" visibility="public" description="contains all optional dependencies"/>
	</configurations>
	<publications>
	</publications>
	<dependencies>
		<dependency org="org.jboss.weld" name="weld-api-bom" rev="1.1.Final" force="true" conf="compile->compile(*),master(*);runtime->runtime(*)">
			<artifact name="weld-api-bom" type="pom" ext="pom" conf=""/>
		</dependency>
		<dependency org="org.javassist" name="javassist" rev="3.14.0-GA" force="true" conf="compile->compile(*),master(*);runtime->runtime(*)"/>
		<dependency org="org.jboss.weld" name="weld-core" rev="1.1.12.Final" force="true" conf="compile->compile(*),master(*);runtime->runtime(*)"/>
		<dependency org="javax.enterprise" name="cdi-api" rev="1.0-SP3" force="true" conf="compile->compile(*),master(*);runtime->runtime(*)"/>
		<dependency org="org.jboss.weld" name="weld-porting-package" rev="1.1.12.Final" force="true" conf="compile->compile(*),master(*);runtime->runtime(*)"/>
		<dependency org="org.jboss.weld" name="weld-core-test" rev="1.1.12.Final" force="true" conf="compile->compile(*),master(*);runtime->runtime(*)"/>
		<dependency org="org.jboss.weld.servlet" name="weld-servlet" rev="1.1.12.Final" force="true" conf="compile->compile(*),master(*);runtime->runtime(*)"/>
		<dependency org="org.jboss.weld.servlet" name="weld-servlet-core" rev="1.1.12.Final" force="true" conf="compile->compile(*),master(*);runtime->runtime(*)"/>
		<dependency org="org.jboss.weld.se" name="weld-se" rev="1.1.12.Final" force="true" conf="compile->compile(*),master(*);runtime->runtime(*)"/>
		<dependency org="org.jboss.weld.se" name="weld-se-core" rev="1.1.12.Final" force="true" conf="compile->compile(*),master(*);runtime->runtime(*)"/>
		<dependency org="org.jboss.jsr299.tck" name="jsr299-tck-api" rev="1.0.4.SP3" force="true" conf="compile->compile(*),master(*);runtime->runtime(*)"/>
		<dependency org="org.jboss.jsr299.tck" name="jsr299-tck-impl" rev="1.0.4.SP3" force="true" conf="compile->compile(*),master(*);runtime->runtime(*)"/>
		<dependency org="org.jboss.jsr299.tck" name="jsr299-tck-impl" rev="1.0.4.SP3" force="true" conf="compile->compile(*),master(*);runtime->runtime(*)">
			<artifact name="jsr299-tck-impl" type="xml" ext="xml" conf="" m:classifier="suite"/>
		</dependency>
		<dependency org="org.atinject" name="inject-tck" rev="1.0.0-PFD-3" force="true" conf="compile->compile(*),master(*);runtime->runtime(*)"/>
		<dependency org="org.jboss" name="jboss-vfs" rev="2.1.3.SP1" force="true" conf="compile->compile(*),master(*);runtime->runtime(*)"/>
		<dependency org="com.google.guava" name="guava" rev="13.0.1" force="true" conf="compile->compile(*),master(*);runtime->runtime(*)"/>
		<dependency org="org.slf4j" name="slf4j-ext" rev="1.7.2" force="true" conf="compile->compile(*),master(*);runtime->runtime(*)"/>
		<dependency org="org.slf4j" name="slf4j-api" rev="1.7.2" force="true" conf="compile->compile(*),master(*);runtime->runtime(*)"/>
		<dependency org="org.slf4j" name="slf4j-simple" rev="1.7.2" force="true" conf="compile->compile(*),master(*);runtime->runtime(*)"/>
		<dependency org="ch.qos.cal10n" name="cal10n-api" rev="0.7.4" force="true" conf="compile->compile(*),master(*);runtime->runtime(*)"/>
		<dependency org="javax.faces" name="jsf-api" rev="1.2_13" force="true" conf="compile->compile(*),master(*);runtime->runtime(*)"/>
		<override org="org.jboss.arquillian.container" module="arquillian-glassfish-remote-3.1" matcher="exact" rev="1.0.0.CR1"/>
		<override org="ch.qos.cal10n" module="cal10n-api" matcher="exact" rev="0.7.4"/>
		<override org="org.jboss.weld" module="weld-core" matcher="exact" rev="1.1.12.Final"/>
		<override org="org.jboss.weld" module="weld-spi" matcher="exact" rev="1.1.Final"/>
		<override org="org.atinject" module="inject-tck" matcher="exact" rev="1.0.0-PFD-3"/>
		<override org="org.jboss.weld.se" module="weld-se" matcher="exact" rev="1.1.12.Final"/>
		<override org="javax.enterprise" module="cdi-api" matcher="exact" rev="1.0-SP3"/>
		<override org="org.jboss.ejb3" module="jboss-ejb3-ext-api" matcher="exact" rev="1.1.1"/>
		<override org="javax.faces" module="jsf-api" matcher="exact" rev="1.2_13"/>
		<override org="org.jboss.arquillian.container" module="arquillian-tomcat-embedded-6" matcher="exact" rev="1.0.0.CR1"/>
		<override org="org.slf4j" module="slf4j-ext" matcher="exact" rev="1.7.2"/>
		<override org="org.jboss.arquillian.container" module="arquillian-tomcat-embedded-7" matcher="exact" rev="1.0.0.CR2"/>
		<override org="javax.jms" module="jms" matcher="exact" rev="1.1"/>
		<override org="org.jboss.shrinkwrap.descriptors" module="shrinkwrap-descriptors-impl" matcher="exact" rev="1.1.0-beta-1"/>
		<override org="org.jboss.weld.se" module="weld-se-core" matcher="exact" rev="1.1.12.Final"/>
		<override org="org.jboss.arquillian.container" module="arquillian-jbossas-managed-6" matcher="exact" rev="1.0.0.CR2"/>
		<override org="org.jboss.spec.javax.servlet" module="jboss-servlet-api_3.0_spec" matcher="exact" rev="1.0.0.Beta2"/>
		<override org="org.slf4j" module="slf4j-simple" matcher="exact" rev="1.7.2"/>
		<override org="org.jboss.arquillian.container" module="arquillian-jbossas-remote-6" matcher="exact" rev="1.0.0.CR2"/>
		<override org="org.jboss.test-harness" module="jboss-test-harness-jboss-as-60" matcher="exact" rev="1.1.0-CR9"/>
		<override org="javax.inject" module="javax.inject" matcher="exact" rev="1"/>
		<override org="javax.persistence" module="persistence-api" matcher="exact" rev="1.0"/>
		<override org="org.jboss.weld" module="weld-api" matcher="exact" rev="1.1.Final"/>
		<override org="junit" module="junit" matcher="exact" rev="4.8.1"/>
		<override org="org.slf4j" module="slf4j-jdk14" matcher="exact" rev="1.7.2"/>
		<override org="org.jboss" module="jboss-mdr" matcher="exact" rev="2.0.1.GA"/>
		<override org="org.jboss.arquillian.junit" module="arquillian-junit-container" matcher="exact" rev="1.0.2.Final"/>
		<override org="org.databene" module="contiperf" matcher="exact" rev="1.06"/>
		<override org="org.jboss.as" module="jboss-as-arquillian-common" matcher="exact" rev="7.1.1.Final"/>
		<override org="net.sourceforge.htmlunit" module="htmlunit" matcher="exact" rev="2.4"/>
		<override org="org.jboss.test-harness" module="jboss-test-harness" matcher="exact" rev="1.1.0-CR9"/>
		<override org="commons-httpclient" module="commons-httpclient" matcher="exact" rev="3.1"/>
		<override org="org.javassist" module="javassist" matcher="exact" rev="3.14.0-GA"/>
		<override org="org.jboss.as" module="jboss-as-arquillian-container-managed" matcher="exact" rev="7.1.1.Final"/>
		<override org="javax.servlet" module="servlet-api" matcher="exact" rev="2.5"/>
		<override org="javax.activation" module="activation" matcher="exact" rev="1.1"/>
		<override org="org.jboss.jbossas.as7-cdi-tck" module="jbossas-container" matcher="exact" rev="1.0.0.Final"/>
		<override org="org.jboss.test-harness" module="jboss-test-harness-jboss-as-50" matcher="exact" rev="1.1.0-CR9"/>
		<override org="org.jboss.jsr299.tck" module="jsr299-tck-api" matcher="exact" rev="1.0.4.SP3"/>
		<override org="javax.validation" module="validation-api" matcher="exact" rev="1.0.0.GA"/>
		<override org="org.jboss.jbossas" module="jboss-as-client" matcher="exact" rev="6.1.0.Final"/>
		<override org="javax.transaction" module="jta" matcher="exact" rev="1.1"/>
		<override org="javax.servlet" module="jstl" matcher="exact" rev="1.2"/>
		<override org="org.jboss.weld" module="weld-porting-package" matcher="exact" rev="1.1.12.Final"/>
		<override org="org.jboss" module="jboss-vfs" matcher="exact" rev="2.1.3.SP1"/>
		<override org="javax.servlet.jsp" module="jsp-api" matcher="exact" rev="2.1"/>
		<override org="javax.annotation" module="jsr250-api" matcher="exact" rev="1.0"/>
		<override org="org.jboss.spec.javax.interceptor" module="jboss-interceptors-api_1.1_spec" matcher="exact" rev="1.0.0.Beta1"/>
		<override org="org.jboss.arquillian.container" module="arquillian-weld-ee-embedded-1.1" matcher="exact" rev="1.0.0.CR4"/>
		<override org="org.jboss.arquillian.container" module="arquillian-container-test-spi" matcher="exact" rev="1.0.2.Final"/>
		<override org="org.jboss.jbossas" module="jboss-server-manager" matcher="exact" rev="1.0.3.GA"/>
		<override org="org.jboss.metadata" module="jboss-metadata" matcher="exact" rev="1.0.0.CR16"/>
		<override org="org.jboss.arquillian.container" module="arquillian-container-test-impl-base" matcher="exact" rev="1.0.2.Final"/>
		<override org="org.jboss.arquillian.test" module="arquillian-test-impl-base" matcher="exact" rev="1.0.2.Final"/>
		<override org="org.jboss.arquillian.container" module="arquillian-jetty-embedded-6.1" matcher="exact" rev="1.0.0.CR1"/>
		<override org="org.jboss.arquillian.container" module="arquillian-container-spi" matcher="exact" rev="1.0.2.Final"/>
		<override org="org.slf4j" module="slf4j-api" matcher="exact" rev="1.7.2"/>
		<override org="jboss" module="jnp-client" matcher="exact" rev="4.0.2"/>
		<override org="org.jboss.arquillian.container" module="arquillian-glassfish-embedded-3.1" matcher="exact" rev="1.0.0.CR1"/>
		<override org="org.jboss.weld" module="weld-core-test" matcher="exact" rev="1.1.12.Final"/>
		<override org="org.jboss.jsr299.tck" module="jsr299-tck-impl" matcher="exact" rev="1.0.4.SP3"/>
		<override org="org.jboss.spec.javax.ejb" module="jboss-ejb-api_3.1_spec" matcher="exact" rev="1.0.0.CR2"/>
		<override org="org.jboss.weld.servlet" module="weld-servlet-core" matcher="exact" rev="1.1.12.Final"/>
		<override org="org.jboss.arquillian.container" module="arquillian-jetty-embedded-7" matcher="exact" rev="1.0.0.CR1"/>
		<override org="org.jboss.as" module="jboss-as-arquillian-container-remote" matcher="exact" rev="7.1.1.Final"/>
		<override org="org.jboss.test-harness" module="jboss-test-harness-jboss-embedded" matcher="exact" rev="1.1.0-CR9"/>
		<override org="org.testng" module="testng" matcher="exact" rev="5.10"/>
		<override org="com.google.guava" module="guava" matcher="exact" rev="13.0.1"/>
		<override org="org.jboss.weld.servlet" module="weld-servlet" matcher="exact" rev="1.1.12.Final"/>
		<override org="javax.el" module="el-api" matcher="exact" rev="2.2"/>
		<override org="org.jboss.test-harness" module="jboss-test-harness-tomcat" matcher="exact" rev="1.1.0-CR9"/>
		<override org="javax.xml.ws" module="jaxws-api" matcher="exact" rev="2.1"/>
		<override org="org.glassfish.web" module="el-impl" matcher="exact" rev="2.1.2-b04"/>
		<override org="org.jboss.shrinkwrap" module="shrinkwrap-impl-base" matcher="exact" rev="1.0.0-cr-1"/>
	</dependencies>
</ivy-module>
